0000009a670ad6101,
0000009a670ae2a07,
0000009a670af2612,
0000009a670b0201e,
0000009ad00b9ba06,
0000009ad00bab20c,
0000009ad00bce61a,
0000009ad00bdd122,
0000009ad00be5f2a,
0000009ad60dc4b08,../../../images/w2dizl546126a236091510a.jpg
0000009ad60df641e,../../../images/w2dizl546126a2400a7e81e.jpg
0000009ad60e02c22,../../../images/w2dizl546126a2450b13864.jpg
0000009afa0a97401,../../../images/w2dizl546126a244089411d.jpg
0000009afa0ad4107,../../../images/w2dizl546126a24408d341f.jpg
0000009b3a0be6e3e,../../../images/w2dizl546126a24108bf611.jpg
0000009b3a0be6e42,../../../images/w2dizl546126a2410a0a92d.jpg
0000009b3d0a6044b,../../images/w2dizl546126a25d0b54b08.jpg
0000009b3d0c5e36e,../../../images/w2dizl546126a23709fdb43.jpg
0000009b3d0c5eb72,../../../images/w2dizl546126a24508ff035.jpg
0000009b3d0c6238e,../../../images/w2dizl546126a24507d900a.jpg
0000009b3d0c62d92,../../../images/w2dizl546126a2400a17e10.jpg
0000009b400ecbc56,../../../images/w2dizl546126a26a0c66f21.jpg
0000009b540b87f06,../../images/w2dizl546126a46a0d7373d.jpg
0000009b540b87f0a,../../images/w2dizl546126a46a0d8d943.jpg
0000009b540b89818,../../images/w2dizl546126a2630817603.jpg
0000009b540b8c01c,../../images/w2dizl546126a263084bb0b.jpg
0000009b540b8d924,../../images/w2dizl546126a2630839d08.jpg
0000009b6809cc116,../../../images/w2dizl546126a24b0a3eb04.jpg
0000009bcb0c37a05,../../../images/w2dizl546126a2450813e15.jpg
0000009bcb0c38609,../../../images/w2dizl546126a245080cb14.jpg
0000009bcb0dec719,../../../images/w2dizl546126a2480bda80c.jpg
0000009bcd085da0d,
0000009bcd088dd21,../../../images/w2dizl546126a23809ad754.jpg
0000009bcd08cb02b,../../../images/w2dizl546126a24108ef41d.jpg
0000009bcd0db0fc7,../../../images/w2dizl546126a2360a3d121.jpg
0000009bcd0e30cf4,../../../images/w2dizl546126a23708d4a1f.jpg
0000009bcd0e32d00,../../../images/w2dizl546126a2360b3064a.jpg
0000009bcd0e32d04,../../../images/w2dizl546126a2360b3214d.jpg
0000009bcd0e32df8,../../../images/w2dizl546126a2360b15144.jpg
0000009bcd0e32dfc,../../../images/w2dizl546126a2360b2df47.jpg
0000009bcd0e3a10c,../../../images/w2dizl546126a2360ae9131.jpg
0000009bcd0e6e416,../../../images/w2dizl546126a23807ce418.jpg
0000009bd70a20001,../../../images/w2dizl546126a2480c21318.jpg
0000009bda0d44501,../../../images/w2dizl546126a238083f11c.jpg
0000009bda0d66619,
0000009bda0d6db1c,
0000009bda0d7e425,
0000009be508f4507,
0000009be508f770b,
0000009be50902f0f,
0000009be50909012,
0000009be5090b415,
0000009be50913518,
0000009be607a1005,
0000009be607ea713,
0000009be607f1417,
0000009be607f961b,
0000009be607fe91f,
0000009be60805e23,
0000009be6080c227,
0000009be6081102b,
0000009be60b5fc4c,
530160978d08c78b9,../../../images/w2dizl546126a24108da217.jpg
53016097900b9a11a,../../../images/w2dizl546126a236091f20c.jpg
53016097900bd2e20,../../../images/w2dizl546126a22a0953e04.jpg
53016097910d83b01,../../../images/w2dizl546126a22a0982a06.jpg
530160979309ba402,../../../images/w2dizl546126a26a0ca0328.jpg
53016097930d16b07,../../../images/w2dizl546126a2480b7c104.jpg
53016097980cd6401,../../../images/w2dizl546126a2370a72c51.jpg
530160979a09f9913,../../../images/w2dizl546126a2480bee210.jpg
530160979a0a82826,../../../images/w2dizl546126a22a08ea802.jpg
530160979a0b6db2a,../../images/w2dizl546126a22a0a6a215.jpg
530160979a0cf4c51,../../../images/w2dizl546126a2390b61001.jpg
530160979b07fc601,../../../images/w2dizl546126a22b08e0206.jpg
530160979c0801001,../../../images/w2dizl546126a22b08eb40c.jpg
530160979c095901d,../../../images/w2dizl546126a22b09e602f.jpg
530160979c0bef248,../../../images/w2dizl546126a22b091100d.jpg
530160979c0ce4d4c,../../../images/w2dizl546126a22b091690e.jpg
530160979c0e89c59,../../../images/w2dizl546126a22b091c20f.jpg
530160979d07a1d01,../../../images/w2dizl546126a22b092a310.jpg
530160979d0837109,../../../images/w2dizl546126a22b09a5122.jpg
530160979d0990629,../../../images/w2dizl546126a2440e79853.jpg
530160979e0a8bb2f,../../../images/w2dizl546126a2620995101.jpg
53016097a10ed9b4f,../../../images/w2dizl546126a27d0a8800a.jpg
53016097a20b4022b,../../../images/w2dizl546126a27d0a96e0c.jpg
53016097a20edef52,../../../images/w2dizl546126a27d0ac4c0e.jpg
53016097a3077b401,../../../images/w2dizl546126a2410c2f749.jpg
53016097a307ce90a,../../../images/w2dizl546126a2410c3814b.jpg
53016097a309a620e,../../../images/w2dizl546126a237095de31.jpg
53016097a30b62728,../../../images/w2dizl546126a2370898312.jpg
53016097a30d12f47,../../../images/w2dizl546126a237094b02d.jpg
53016097a30e1d35e,../../../images/w2dizl546126a237094622b.jpg
53016097a30ef3462,../../../images/w2dizl546126a26409c340c.jpg
53016097a40b28d43,../../../images/w2dizl546126a22b0930d12.jpg
53016097a40bc4151,../../../images/w2dizl546126a22b097e01c.jpg
53016097a40d07863,../../../images/w2dizl546126a2370978237.jpg
53016097a40eff176,../../../images/w2dizl546126a24508ae32c.jpg
53016097a60a43a0f,../../../images/w2dizl546126a237096b733.jpg
53016097a60b4f730,../../../images/w2dizl546126a2380a78b58.jpg
53016097a60dc7c54,../../../images/w2dizl546126a26a0b43a1b.jpg
53016097a90ae9d33,../../../images/w2dizl546126a2360a54523.jpg
53016097a90bacb4d,../../../images/w2dizl546126a2440e03a42.jpg
53016097a90c7cc60,../../../images/w2dizl546126a2370801f03.jpg
53016097aa0914101,../../../images/w2dizl546126a237080e608.jpg
53016097aa0ac061e,../../../images/w2dizl546126a237087f30b.jpg
53016097aa0c2b364,../../../images/w2dizl546126a237088bc10.jpg
53016097aa0d6b378,../../../images/w2dizl546126a2440e8cd57.jpg
53016097ab082e905,../../../images/w2dizl546126a26a0b0c619.jpg
53016097ab08ad418,../../../images/w2dizl546126a2450888c21.jpg
53016097ab0928920,../../../images/w2dizl546126a2360a22a19.jpg
53016097ab09bd226,../../../images/w2dizl546126a2360c4cc66.jpg
53016097ab0a63632,../../../images/w2dizl546126a2360a3541f.jpg
53016097ab0b5be3c,../../../images/w2dizl546126a2380b4ec5c.jpg
53016097ab0bd4f41,../../../images/w2dizl546126a2440e95b59.jpg
53016097ac085af12,../../images/w2dizl546126a25c097c804.jpg
53016097ac085c616,../../images/w2dizl546126a25c0988d06.jpg
53016097ac09a5931,../../../images/w2dizl546126a26e0bd9910.jpg
53016097ac0b8bb4a,../../../images/w2dizl546126a22b09bdf27.jpg
53016097ac0c92b5c,../../../images/w2dizl546126a22b09ac724.jpg
53016097ac0ef5370,../../../images/w2dizl546126a2440a5eb39.jpg
53016097ad09b360b,../../../images/w2dizl546126a26409bbc0a.jpg
53016097ad0b1361a,../../../images/w2dizl546126a2370972e35.jpg
53016097ad0c35c29,../../../images/w2dizl546126a24508d4931.jpg
53016097ad0cbd836,
53016097ad0d2273b,../../../images/w2dizl546126a23709cb93b.jpg
53016097ad0dcc848,../../../images/w2dizl546126a245088de23.jpg
53016097af0b23e13,../../../images/w2dizl546126a24508b442f.jpg
53016097af0d23219,../../../images/w2dizl546126a2450787802.jpg
53016097af0d8bc22,../../../images/w2dizl546126a2400f75051.jpg
53016097b009a231b,../../../images/w2dizl546126a22a0a5d413.jpg
53016097b00b6a725,../../../images/w2dizl546126a22a0a34c10.jpg
53016097b00bcd135,../../../images/w2dizl546126a2680c6bc02.jpg
53016097b00c6fd3a,../../../images/w2dizl546126a2480bf2412.jpg
53016097b00df4b4c,../../../images/w2dizl546126a2400db9132.jpg
53016097b00ebfb56,../../../images/w2dizl546126a2400dcb834.jpg
53016097b209d895b,../../../images/w2dizl546126a2370a48747.jpg
53016097b20a5446a,../../../images/w2dizl546126a4860bdce01.jpg
53016097b70ddd720,../../../images/w2dizl546126a2380838d1a.jpg
53016097b80906b17,../../../images/w2dizl546126a2410c16e47.jpg
53016097b8097d423,../../../images/w2dizl546126a26909d150c.jpg
53016097b80d12f4a,../../../images/w2dizl546126a25d0a20c02.jpg
53016097b80dcfd55,../../../images/w2dizl546126a23807a9b0e.jpg
53016097b80dfa85a,../../../images/w2dizl546126a2400ee1043.jpg
53016097b90783901,../../../images/w2dizl546126a2400a3aa18.jpg
53016097b90850013,../../../images/w2dizl546126a2440867c17.jpg
53016097b90d9d55a,
53016097b90dda567,
53016097b90e0066b,
53016097b90e2d16f,
53016097b90e4de73,
53016097b90e6dc77,
53016097ba09c850a,../../../images/w2dizl546126a245089a327.jpg
53016097ba0b58716,../../../images/w2dizl546126a26a09a4808.jpg
53016097ba0c3341e,../../images/w2dizl546126a2760c29713.jpg
53016097ba0e6c230,../../../images/w2dizl546126a2370a5eb4a.jpg
53016097bb09c0614,../../../images/w2dizl546126a2620b8d02a.jpg
53016097bb0a90e25,../../../images/w2dizl546126a2390bafc03.jpg
53016097bb0b1a329,../../../images/w2dizl546126a2690a81a16.jpg
53016097bb0b82e31,../../../images/w2dizl546126a2690a81415.jpg
53016097bb0befc39,../../../images/w2dizl546126a2690a80e14.jpg
53016097bb0c61541,../../../images/w2dizl546126a2690a7a813.jpg
53016097c40ee3251,../../../images/w2dizl546126a2440e6bd51.jpg
53016097d40be6e1c,../../../images/w2dizl546126a2440e7f455.jpg
53016097ec0a94211,../../../images/w2dizl546126a2480bf6514.jpg
53016097ec0af9217,../../../images/w2dizl546126a2480c1cb16.jpg
53016097ec0cafb29,../../../images/w2dizl546126a22b09c6428.jpg
53016097f0077b701,../../../images/w2dizl546126a2480c2db1e.jpg
53016097f0080c408,../../../images/w2dizl546126a2480c26a1a.jpg
53016097f00880110,../../../images/w2dizl546126a2480c2a51c.jpg
53016097f008c0a18,../../../images/w2dizl546126a236092da0e.jpg
53016097f10a9951d,../../../images/w2dizl546126a24507c8406.jpg
53016097f10c4672c,../../../images/w2dizl546126a24109dd52b.jpg
53016097f30b7c601,../../../images/w2dizl546126a23708b4018.jpg
53016097fe07d5607,../../../images/w2dizl546126a23708a2d14.jpg
53016097fe0aa4029,../../../images/w2dizl546126a2400cc2b29.jpg
53016097fe0bcc539,../../../images/w2dizl546126a2410c4af4f.jpg
53016097fe0c32a3f,../../../images/w2dizl546126a2440a3a833.jpg
5301609801096d30a,../../../images/w2dizl546126a24407f8511.jpg
53016098010a2060e,../../../images/w2dizl546126a2690b1351e.jpg
53016098010aeb21c,../../../images/w2dizl546126a2690a70811.jpg
53016098010b5ae24,../../../images/w2dizl546126a2640a2560e.jpg
53016098010c4d134,../../../images/w2dizl546126a2440e59950.jpg
53016098010cb6c3a,../../../images/w2dizl546126a2370955a2f.jpg
53016098010dec850,../../../images/w2dizl546126a26a08b6004.jpg
530160980509fc81b,../../../images/w2dizl546126a2400cd302c.jpg
530160980509fc81f,../../../images/w2dizl546126a2400cd832d.jpg
53016098050b8fc29,../../../images/w2dizl546126a2620b78d26.jpg
530160980c0895201,../../../images/w2dizl546126a2370a6554c.jpg
530160980c0b32318,../../../images/w2dizl546126a237093c029.jpg
530160981107b4101,../../../images/w2dizl546126a2640a76c10.jpg
53016098110958114,../../../images/w2dizl546126a2400d6642f.jpg
530160981109aa219,../../../images/w2dizl546126a26409a8a08.jpg
53016098b00b86f09,../../images/w2dizl546126a26f0802c06.jpg
53016098b00b86f0d,../../images/w2dizl546126a26f0814c09.jpg
53016098b2076e001,../../../images/w2dizl546126a2370888d0d.jpg
53016098f1092090d,../../../images/w2dizl546126a27f0969906.jpg
53016098f50728a01,../../images/w2dizl546126a26f09d791a.jpg
53016098f90c25301,../../../images/w2dizl546126a2480c4c628.jpg
53016098f90c52108,../../../images/w2dizl546126a2480c48d26.jpg
53016098f90d3321f,../../../images/w2dizl546126a2480a50a02.jpg
53016098f90d5bf24,../../../images/w2dizl546126a2480c39224.jpg
53016098f90dff448,../../../images/w2dizl546126a2690c03227.jpg
53016098f90e2c34e,../../../images/w2dizl546126a22a0b3d11f.jpg
53016098fc094fa2d,../../../images/w2dizl546126a24108d4915.jpg
53016098fc09d0c37,../../../images/w2dizl546126a24009bb00a.jpg
53016098fc0a7e340,../../../images/w2dizl546126a2670af6609.jpg
53016098fc0aa1449,../../../images/w2dizl546126a24009d180c.jpg
53016098fc0b2ce52,../../../images/w2dizl546126a2690a6250f.jpg
53016098ff07ccd11,../../../images/w2dizl546126a2440785c02.jpg
53016098ff0842f1a,../../../images/w2dizl546126a24508e3133.jpg
53016098ff087751e,../../../images/w2dizl546126a2480c76a2c.jpg
53016098ff0920a31,../../../images/w2dizl546126a2480c72d2b.jpg
53016098ff0974939,../../../images/w2dizl546126a2370a9d156.jpg
53016098ff09aa743,../../../images/w2dizl546126a26a09af80a.jpg
53016099000794b01,../../../images/w2dizl546126a2440887d1b.jpg
53016099000948c1b,../../../images/w2dizl546126a22a0b1c21b.jpg
53016099000b66254,../../../images/w2dizl546126a22b0985d1e.jpg
53016099000b7f65d,../../../images/w2dizl546126a2700bbba07.jpg
53016099000c63f6f,../../../images/w2dizl546126a2360962913.jpg
5301609903081880d,../../../images/w2dizl546126a2630a7e526.jpg
5301609903083a512,../../../images/w2dizl546126a2630a6d523.jpg
530160990308dd821,../../../images/w2dizl546126a2370927f25.jpg
53016099030914728,../../../images/w2dizl546126a2400a1f812.jpg
53016099030968e30,../../../images/w2dizl546126a245089ee29.jpg
530160990309e563b,../../../images/w2dizl546126a26a0c1811f.jpg
53016099030a10245,../../../images/w2dizl546126a2400a26714.jpg
53016099030aa044b,../../../images/w2dizl546126a237092e727.jpg
53016099030b0de5a,../../../images/w2dizl546126a24109b4327.jpg
53016099030b8d101,../../../images/w2dizl546126a23807b9212.jpg
53016099060900d06,../../../images/w2dizl546126a24b0a36602.jpg
5301609906095c518,../../../images/w2dizl546126a260078d702.jpg
530160990609c8927,../../../images/w2dizl546126a2400b4ae25.jpg
53016099060a1592d,../../../images/w2dizl546126a2410a6883b.jpg
53016099070752701,../../../images/w2dizl546126a2600795e04.jpg
53016099070866d06,../../../images/w2dizl546126a2360a2991b.jpg
530160990708b1c28,
530160990708e472d,
530160990708f6a31,
53016099070902b35,
5301609907090ba39,
53016099070ae3a4e,../../../images/w2dizl546126a259088dc0a.jpg
530160990e08abf01,../../../images/w2dizl546126a2360a5cd25.jpg
530160990e08dc70f,../../../images/w2dizl546126a2360abc027.jpg
530160990e08f7716,
530160990e090851a,
530160990e0992a1e,../../../images/w2dizl546126a24407c1508.jpg
530160990e0a6e229,../../../images/w2dizl546126a260079ea06.jpg
530160990e0b7b047,../../../images/w2dizl546126a259089830c.jpg
530160990e0bc9b50,../../../images/w2dizl546126a23708a9d16.jpg
530160990e0bdbb55,../../../images/w2dizl546126a24407d370d.jpg
530160990e0c4395f,../../../images/w2dizl546126a238099a250.jpg
530160990e0c70166,../../../images/w2dizl546126a23809a4e52.jpg
5301609911079ec01,../../../images/w2dizl546126a237097e539.jpg
530160991107d3211,../../../images/w2dizl546126a2620b85628.jpg
53016099110865516,../../../images/w2dizl546126a2440794e04.jpg
530160991108aa521,../../../images/w2dizl546126a245081f317.jpg
53016099110953c2e,../../../images/w2dizl546126a2400ec673e.jpg
53016099110a6f34f,../../../images/w2dizl546126a2670ae9407.jpg
53016099140919e0d,../../images/w2dizl546126a26f0a9861f.jpg
53016099140b2ac23,../../../images/w2dizl546126a2440877c19.jpg
53016099140b6a939,../../../images/w2dizl546126a23807bfa14.jpg
530160991507a3001,../../../images/w2dizl546126a245095194c.jpg
53016099150802e10,../../../images/w2dizl546126a245093d346.jpg
5301609915083d317,../../../images/w2dizl546126a245094814a.jpg
5301609915086b51f,../../../images/w2dizl546126a26a09dc90c.jpg
530160991508ac528,../../../images/w2dizl546126a2410a2a835.jpg
530160991508d162f,../../../images/w2dizl546126a24409b2b25.jpg
530160991508f2536,../../../images/w2dizl546126a24409ab523.jpg
5301609915091443d,../../../images/w2dizl546126a2440a07b2f.jpg
530160991509ddf4e,../../../images/w2dizl546126a24409e2d2b.jpg
53016099150a19653,../../../images/w2dizl546126a2440a0052d.jpg
53016099150ab505d,../../../images/w2dizl546126a245097ca56.jpg
53016099150bb5a77,../../../images/w2dizl546126a238079d60c.jpg
53016099150c4da7c,../../../images/w2dizl546126a23708bb61b.jpg
5301609919092080a,../../../images/w2dizl546126a2760890e02.jpg
53016099190961112,../../../images/w2dizl546126a2360acdc2b.jpg
53016099190a6741e,../../../images/w2dizl546126a2400a4761a.jpg
53016099190c5f72a,../../../images/w2dizl546126a26a09f850e.jpg
530160991b08fa80b,../../../images/w2dizl546126a2360ac2e29.jpg
530160991b091b013,../../../images/w2dizl546126a2440e0cc44.jpg
530160991b096f219,../../../images/w2dizl546126a25908a3c0e.jpg
530160991b09eb925,../../../images/w2dizl546126a23808bc32b.jpg
530160991c07cb806,../../../images/w2dizl546126a238098f34d.jpg
530160991c07fd90a,../../../images/w2dizl546126a238099334e.jpg
53016099370d27101,../../../images/w2dizl546126a22a0b16319.jpg
53016099370d31a08,../../../images/w2dizl546126a22a0b34c1d.jpg
53016099400f42a05,../../../images/w2dizl546126a2360950811.jpg
53016099780d7ce01,../../../images/w2dizl546126a2620b9572c.jpg
53016099af0c3b001,../../../images/w2dizl546126a22a09e270a.jpg
53016099af0c57d06,../../../images/w2dizl546126a22a09dc909.jpg
53016099b208e4c0c,../../../images/w2dizl546126a22a0a78617.jpg
53016099b20949112,../../../images/w2dizl546126a2400a0e90e.jpg
53016099b2096e917,../../../images/w2dizl546126a26e0a84c08.jpg
53016099b20c12b11,../../../images/w2dizl546126a24407b3406.jpg
53016099b20d2f71e,../../../images/w2dizl546126a22b097891a.jpg
53016099b607fa80b,../../../images/w2dizl546126a24107f6a01.jpg
53016099b60df5709,../../../images/w2dizl546126a2410a22a33.jpg
53016099b808c9b19,../../../images/w2dizl546126a2450826119.jpg
53016099b80942627,../../../images/w2dizl546126a2390bd0a05.jpg
53016099b809b2f01,../../../images/w2dizl546126a26e0a71e06.jpg
53016099b809f530b,../../../images/w2dizl546126a24109a1525.jpg
53016099b80d7ec04,
53016099b80d8fa0b,
53016099b80dd660f,
53016099b80e7911d,../../../images/w2dizl546126a2400ebba3c.jpg
53016099b907c7f06,../../../images/w2dizl546126a2400ee8245.jpg
53016099bc074b701,
53016099bc0a9ed49,../../../images/w2dizl546126a23709f6441.jpg
53016099bc0ac9c5b,../../../images/w2dizl546126a2410c4164d.jpg
53016099ce0d78565,../../../images/w2dizl546126a27d0a71d06.jpg
53016099d1073af01,../../../images/w2dizl546126a27d0a2b702.jpg
53016099d10782707,../../../images/w2dizl546126a27d0a68b04.jpg
53016099d10894a21,../../../images/w2dizl546126a27e09d6c04.jpg
53016099d108b9726,../../../images/w2dizl546126a27e0aafa0e.jpg
53016099d10c0155b,../../../images/w2dizl546126a27e0a16206.jpg
53016099d20cb3b15,../../../images/w2dizl546126a27f0889d02.jpg
53016099d20d9362c,../../../images/w2dizl546126a27e0a4e40a.jpg
53016099d30739d06,../../../images/w2dizl546126a27d0b13914.jpg
53016099d30c1156c,
53016099e008e9d01,../../../images/w2dizl546126a23709ef03f.jpg
5461269c440c1023b,../../../images/w2dizl546126a2400d74031.jpg
5461269c440c32c45,../../../images/w2dizl546126a2360b44e53.jpg
5461269c440c40d4b,../../../images/w2dizl546126a2360b35a51.jpg
5461269c440c4cf52,../../../images/w2dizl546126a2440e13c46.jpg
5461269c490922024,../../../images/w2dizl546126a22a0c1a627.jpg
5461269c490964d36,../../../images/w2dizl546126a24508a602b.jpg
5461269c4a089af29,../../../images/w2dizl546126a2370908e21.jpg
5461269c4a090924a,../../../images/w2dizl546126a24507d0108.jpg
5461269c4a0944163,../../../images/w2dizl546126a2390be8709.jpg
5461269c4a095836a,
5461269c4a0a9f876,../../../images/w2dizl546126a22a0c39c29.jpg
5461269c670b60d0b,../../images/w2dizl546126a494092fe05.jpg
5461269c670de2624,../../../images/w2dizl546126a2370a3ef45.jpg
5461269c7107fa006,../../../images/w2dizl546126a24507bd104.jpg
5461269c860bded01,../../../images/w2dizl546126a2360af7535.jpg
5461269c860c29b39,../../../images/w2dizl546126a2360b08a3a.jpg
5461269c860c4b13d,../../../images/w2dizl546126a2360b0cc3e.jpg
5461269cb20759609,
5461269cb20ee2164,
5461269cb80dd5407,../../../images/w2dizl546126a2380796f0a.jpg
5461269cd00d8c906,../../../images/w2dizl546126a2480b83608.jpg
5461269cd00dc240b,../../images/w2dizl546126a25d0b5f20c.jpg
5461269cd00dddd11,../../../images/w2dizl546126a2410a38737.jpg
5461269cd00e10b1d,../../../images/w2dizl546126a2400a86420.jpg
5461269cd00ea9d53,../../../images/w2dizl546126a2410882609.jpg
5461269cd00ea9d57,../../../images/w2dizl546126a241088830a.jpg
5461269cd00ec9660,../../../images/w2dizl546126a245092403e.jpg
5461269cd00ed2d6a,../../../images/w2dizl546126a245092023c.jpg
5461269cd00eeb973,../../../images/w2dizl546126a24108f4d1f.jpg
5461269cd00efce7b,../../../images/w2dizl546126a245090a839.jpg
5461269cd10cbb401,../../../images/w2dizl546126a2670b52b0d.jpg
5461269cd10d04814,
5461269cd10d1591d,../../../images/w2dizl546126a2450965552.jpg
5461269cd10d25822,../../../images/w2dizl546126a2380a57c56.jpg
5461269cd10d58f32,../../../images/w2dizl546126a23807c5216.jpg
5461269cd10d78036,../../../images/w2dizl546126a245096e854.jpg
5461269cd10da0f42,
5461269cd10dad44a,
5461269cd10db8f52,
5461269cd30a5b408,
5461269cd30a71616,
5461269cd30a81c1d,../../../images/w2dizl546126a2370acaf62.jpg
5461269cd30aaf022,../../../images/w2dizl546126a26a0c8fe25.jpg
5461269cd30ac132c,
5461269cd30acaf32,
5461269cd30aec640,../../../images/w2dizl546126a2360b4ae55.jpg
5461269cd30b11b52,../../../images/w2dizl546126a22a0cc0130.jpg
5461269cd30bc5f62,../../../images/w2dizl546126a2410a9d240.jpg
5461269cd4092280b,../../../images/w2dizl546126a26a0c7df23.jpg
5461269cd4092291b,../../../images/w2dizl546126a24409c2629.jpg
5461269cd4092dd3b,../../../images/w2dizl546126a2390c3a30d.jpg
5461269cd4092dd43,../../../images/w2dizl546126a2390c4180e.jpg
5461269cd40930547,../../../images/w2dizl546126a2690acb41a.jpg
5461269cd4093054b,../../../images/w2dizl546126a2670883d04.jpg
5461269cd4093055b,../../../images/w2dizl546126a2690aadb18.jpg
5461269cd4093055f,../../../images/w2dizl546126a2400e69838.jpg
5461269cd4093056f,../../../images/w2dizl546126a2410c0ad45.jpg
5461269cd4093447f,../../../images/w2dizl546126a245087f91f.jpg
5461269cd4093d68b,../../../images/w2dizl546126a2440a8103f.jpg
5461269cda0a6af03,../../../images/w2dizl546126a2440e1a148.jpg
5461269cda0bafe19,../../../images/w2dizl546126a22b093b514.jpg
5461269ce50d4fc01,../../images/w2dizl546126a2400f6744e.jpg
5461269ce50d4fc05,../../images/w2dizl546126a2400f7014f.jpg
5461269ce50d51109,../../../images/w2dizl546126a23608f8c08.jpg
5461269ce50d5110d,../../../images/w2dizl546126a238092e244.jpg
5461269cf70bba50b,
5461269cf70bd140f,
5461269cf70c1ce13,
5461269cf70c46523,
5461269cf70cdcc27,
5461269cf70ce792b,
5461269cf70cf362f,
5461269cf70cfce33,
5461269cf70d0be37,
5461269cf70d36f3b,
5461269cf70d98e48,
5461269cf70da554c,
5461269cf70db2450,
5461269cf70dbc554,
5461269cf70dcae58,
5461269cf70dddc5c,
5461269cf70de7f60,
5461269cf70df6364,
5461269d200ea9a08,../../../images/w2dizl546126a26007cf108.jpg
5461269d22088cf01,../../../images/w2dizl546126a3ec0d8ae36.jpg
5461269d2209f0537,../../../images/w2dizl546126a3ec0d88335.jpg
5461269d440998601,../../images/w2dizl546126a26f087b113.jpg
5461269d4b090e901,../../images/w2dizl546126a2750ba5802.jpg
5461269d580b43a0c,../../../images/w2dizl546126a22a0ce3b32.jpg
5461269d580b67612,
5461269d580ea4623,
5461269d770b5a801,../../../images/w2dizl546126a24109c8529.jpg
5461269d780bf6801,../../../images/w2dizl546126a25908b7510.jpg
5461269d780cee931,
5461269d780cf933d,
5461269d780d00641,
5461269d780d08645,
5461269d780d5a94b,../../../images/w2dizl546126a2380874423.jpg
5461269d7b0993101,../../../images/w2dizl546126a238086b620.jpg
5461269d7b0a11713,../../../images/w2dizl546126a2410a1cb31.jpg
5461269da00a18c05,../../../images/w2dizl546126a2590807b06.jpg
5461269da00a1db08,../../../images/w2dizl546126a25907fa305.jpg
5461269da00b4bef8,../../../images/w2dizl546126a2440a6fa3d.jpg
5461269da50a2f421,
5461269da50a63039,../../../images/w2dizl546126a2700aef705.jpg
5461269da50d5c244,../../../images/w2dizl546126a26e0c03812.jpg
5461269da50d7434c,../../../images/w2dizl546126a25907e0a02.jpg
5461269da50d9f358,../../../images/w2dizl546126a2370aa4c58.jpg
5461269da50df0470,../../../images/w2dizl546126a2370ac4b60.jpg
5461269da50e02a77,../../../images/w2dizl546126a2410bc7343.jpg
5461269da50e2387e,
5461269da50e3cb86,
5461269da50e5378e,../../../images/w2dizl546126a2440e2b74c.jpg
5461269da60810301,../../../images/w2dizl546126a2370aade5a.jpg
5461269da8090a201,../../images/w2dizl546126a26308a271b.jpg
5461269da80d8e942,../../../images/w2dizl546126a23808ca02f.jpg
5461269da80db1d4b,../../../images/w2dizl546126a22a0c9772b.jpg
5461269da80dcf056,../../../images/w2dizl546126a22b09d202a.jpg
5461269da80e52f8c,../../../images/w2dizl546126a24108ca013.jpg
5461269da80e6ce90,../../../images/w2dizl546126a26007d710a.jpg
5461269da80e95d94,../../../images/w2dizl546126a238098054b.jpg
5461269da80ea5898,../../../images/w2dizl546126a26007ddd0b.jpg
5461269da80eaed9e,../../../images/w2dizl546126a26e0aaaa0b.jpg
5461269da80ec6ba5,../../../images/w2dizl546126a26e0aac10c.jpg
5461269da907a2801,../../../images/w2dizl546126a2390bd9307.jpg
5461269da90831209,../../../images/w2dizl546126a2450957f4e.jpg
5461269da908c521b,
5461269da90952225,../../images/w2dizl546126a2750c30e04.jpg
5461269da90a65941,../../../images/w2dizl546126a2410835f04.jpg
5461269db309e7702,../../../images/w2dizl546126a237080a405.jpg
5461269de71150c23,../../../images/w2dizl546126a2370ab385c.jpg
5461269de80d0ae01,../../../images/w2dizl546126a22a0b48f21.jpg
5461269de80d20505,../../../images/w2dizl546126a2690b8e823.jpg
5461269de80d5d209,../../../images/w2dizl546126a26209a9003.jpg
5461269de80d9400d,../../../images/w2dizl546126a2670b13c0b.jpg
5461269de80e57e17,../../images/w2dizl546126a25c0963202.jpg
5461269de80ea971c,
5461269de80eb6f21,
5461269de80f05531,../../../images/w2dizl546126a2450934e44.jpg
5461269de80f1c13a,../../../images/w2dizl546126a2450941548.jpg
5461269de80f3ab3f,../../../images/w2dizl546126a2450960750.jpg
5461269ded0950b01,../../../images/w2dizl546126a24507e8c0d.jpg
5461269ded095f207,../../../images/w2dizl546126a24507f340f.jpg
5461269ded096f30d,../../../images/w2dizl546126a2440e3144e.jpg
5461269ded098991d,../../../images/w2dizl546126a2440a55837.jpg
5461269ded09d8f2c,../../../images/w2dizl546126a27f0a56507.jpg
5461269ded0a06839,../../../images/w2dizl546126a27d0b0a912.jpg
5461269ded0a21643,../../../images/w2dizl546126a27e0a8f10c.jpg
5461269ded0a6784b,../../../images/w2dizl546126a27f08a3904.jpg
5461269df40d2db11,../../../images/w2dizl546126a27f0aa840a.jpg
5461269e090cf4d63,../../../images/w2dizl546126a238088da28.jpg
5461269e7f0890206,../../../images/w2dizl546126a26e0c53114.jpg
5461269e7f08d7f15,../../../images/w2dizl546126a26a0adbd15.jpg
5461269e7f0bda851,../../../images/w2dizl546126a245092f142.jpg
5461269e7f0be6f58,../../../images/w2dizl546126a2450928b41.jpg
5461269e7f0dd2b64,../../../images/w2dizl546126a26a0aff517.jpg
5461269e7f0de326a,../../../images/w2dizl546126a238096b049.jpg
5461269e7f0dfca72,../../../images/w2dizl546126a241089150d.jpg
5461269e7f0e2307d,../../../images/w2dizl546126a26a08ac902.jpg
5461269e7f0eb3d9f,../../../images/w2dizl546126a2690b0a11c.jpg
5461269e8108cc526,../../../images/w2dizl546126a26908be602.jpg
5461269e810d75b68,
5461269e810d85877,
5461269e810d90b86,
5461269e810da5b95,
5461269e810dbdb9e,
5461269e810dcc4a5,
5461269e8e0beea11,
5461269e8e0e83b16,
5461269e96089e001,../../../images/w2dizl546126a2360a12915.jpg
5461269ea40a3ad17,../../../images/w2dizl546126a22b099e420.jpg
5461269ea40a59721,../../../images/w2dizl546126a24108ad60f.jpg
5461269eb3083b301,../../../images/w2dizl546126a2440a6773b.jpg
5461269ecc089ad01,../../../images/w2dizl546126a2360b8bb59.jpg
5461269ee20e4b501,../../../images/w2dizl546126a2400e40236.jpg
5461269f6e0ab275c,
5461269f6e0c52268,../../../images/w2dizl546126a2400f0de49.jpg
5461269f6e0c5c76c,../../../images/w2dizl546126a2410a17c2f.jpg
5461269f6e0c63e70,../../../images/w2dizl546126a2370ab9b5e.jpg
5461269f6e0c69f74,../../../images/w2dizl546126a2400973104.jpg
5461269f6e0d0d778,../../../images/w2dizl546126a245085ce1d.jpg
5461269f6e0d24f80,../../../images/w2dizl546126a2690b6da20.jpg
5461269f6e0d3c18c,../../../images/w2dizl546126a2400964e02.jpg
5461269f6e0d54090,../../../images/w2dizl546126a2400eb323a.jpg
5461269f6e0dc74a8,../../../images/w2dizl546126a27208df403.jpg
5461269f6e0dccaac,../../../images/w2dizl546126a27208cee02.jpg
5461269f6e0eb52b8,../../../images/w2dizl546126a2410a6ec3d.jpg
5461269f6e0ebe4bc,../../../images/w2dizl546126a2360b81e57.jpg
5461269f70087590d,../../../images/w2dizl546126a2410a8ff3f.jpg
5461269f70087af11,../../../images/w2dizl546126a24407e2e0f.jpg
5461269f700880515,../../../images/w2dizl546126a2690b95e25.jpg
5461269f700890219,../../../images/w2dizl546126a28c0b2253e.jpg
5461269f70089ab1d,../../../images/w2dizl546126a2440904120.jpg
5461269f7008a1721,../../../images/w2dizl546126a2380894c29.jpg
5461269f7009c0038,../../../images/w2dizl546126a22a0bff825.jpg
5461269f970a7ae01,../../../images/w2dizl546126a22a0cf9e36.jpg
546126a0070b6d58f,../../images/w2dizl546126a25d0a36506.jpg
546126a0070b8109f,../../images/w2dizl546126a25d0a2c404.jpg
546126a0070c6bda7,
546126a0070c727ab,
546126a0070c789b2,
546126a0070c8d9b8,
546126a0070c9b9bd,
546126a0070ca54c4,
546126a0070cb11cb,
546126a0070cb8cd1,
546126a0070cc66d9,
546126a0070ccffe1,
546126a0070cda9e6,
546126a0070cdf6eb,
546126a0070ce4ef0,
546126a0160ba8001,../../../images/w2dizl546126a2370a6be4f.jpg
546126a02a0cba621,../../../images/w2dizl546126a2360b9d95e.jpg
546126a02a0f0ef7d,../../../images/w2dizl546126a2400a92c22.jpg
546126a06e0a4e301,../../../images/w2dizl546126a22a0d23138.jpg
546126a06e0b59e27,../../../images/w2dizl546126a2590880a08.jpg
546126a06e0b7832c,../../../images/w2dizl546126a2700a9e003.jpg
546126a06e0b84832,../../../images/w2dizl546126a2400a4ee1c.jpg
546126a06e0ba103c,
546126a06e0bd8c5c,../../../images/w2dizl546126a2410938423.jpg
546126a09609a0aa2,../../../images/w2dizl546126a259091e314.jpg
546126a09609b1aa6,../../../images/w2dizl546126a2440a41535.jpg
546126a09609b1aaa,
546126a09609ebdc6,../../../images/w2dizl546126a26a0ab0210.jpg
546126a0960a45ddf,
546126a0960a6a9ee,../../../images/w2dizl546126a2400a2f216.jpg
546126a0990a44809,../../../images/w2dizl546126a2370921b23.jpg
546126a0990bde31b,../../../images/w2dizl546126a2360bfa062.jpg
546126a0990bde31f,../../../images/w2dizl546126a2400991606.jpg
546126a0990bfd628,
546126a0990c4983f,../../../images/w2dizl546126a25908f0512.jpg
546126a0990c88e54,../../../images/w2dizl546126a2590936e16.jpg
546126a0990c88f58,../../../images/w2dizl546126a2440e1fa4a.jpg
546126a0990cd9966,../../images/w2dizl546126a25d0b90512.jpg
546126a09911d4386,../../images/w2dizl546126a25d0b79710.jpg
546126a09911f9e92,../../images/w2dizl546126a2410a5a139.jpg
546126a099121e0a1,../../../images/w2dizl546126a2360bcad60.jpg
546126a0991252cb5,../../../images/w2dizl546126a3eb0956401.jpg
546126a0991275ab9,../../images/w2dizl546126a3f90c82c15.jpg
546126a0a1095c435,../../../images/w2dizl546126a2410901821.jpg
546126a0a1096483b,
546126a0db0a6260e,../../../images/w2dizl546126a2630a0c31f.jpg
546126a0e00a83d01,
546126a0e00a89004,
546126a0e00a90a07,
546126a0e00ad8b0a,
546126a0e00af920d,
546126a0e00b0ce10,
546126a0e00b3d813,
546126a0e00b4bd16,
546126a0e00b53b19,
546126a0e00b5af1c,
546126a0e00b6a51f,
546126a0e00b73b22,
546126a0e00b7d325,
546126a0e00b87528,
546126a0e00b9a32b,
546126a0e00c0902e,
546126a0e00c27c31,
546126a0e00c91d34,
546126a0e00c9ac37,
546126a0e00cc273a,
546126a0e00cd4a3d,
546126a0e00cd7740,
546126a0e00cde543,
546126a0e00ce8446,
546126a0e00cf0549,
546126a0e00d00a4c,
546126a0e00d0b94f,
546126a0e20b4a612,
546126a0e20b52116,
546126a0e20b5b81a,
546126a16e0c8de01,../../../images/w2dizl546126a2620b14f14.jpg
546126a16e0caf409,../../../images/w2dizl546126a22a0ee9f42.jpg
546126a16f0a5ea01,../../../images/w2dizl546126a26908e9104.jpg
546126a16f0a7a905,../../../images/w2dizl546126a2400b3d523.jpg
546126a16f0bfe509,../../../images/w2dizl546126a26909eab0d.jpg
546126a16f0c0f20d,../../../images/w2dizl546126a236093fc0f.jpg
546126a16f0c1a211,../../images/w2dizl546126a26e0a9b60a.jpg
546126a16f0cb2230,../../../images/w2dizl546126a22a0d5153c.jpg
546126a16f0dcff3a,../../../images/w2dizl546126a22b094d817.jpg
546126a16f0de0457,../../../images/w2dizl546126a22b0953218.jpg
546126a16f0e1c86c,../../../images/w2dizl546126a22b08d3c04.jpg
546126a16f0e9e271,../../images/w2dizl546126a26f0a4a11d.jpg
546126a1720b6e601,../../../images/w2dizl546126a2360c00664.jpg
546126a1720b8af0b,
546126a1720c7c426,
546126a1720c86d2c,
546126a1720c8eb31,
546126a1720c99f37,
546126a1720ca733f,
546126a1720cb9247,
546126a1720cc554f,
546126a18a0dbc03d,../../../images/w2dizl546126a22a0d5ce3e.jpg
546126a18a0dc0e41,../../../images/w2dizl546126a22a0d65640.jpg
546126a1990e99345,
546126a19d0c8a201,
546126a19e0c5a401,../../../images/w2dizl546126a2410857806.jpg
546126a1b40ebde02,../../images/w2dizl546126a263085040d.jpg
546126a1ba0a2e573,
546126a1ba0a527a4,
546126a1ba0a833a9,
546126a1ba0b516c8,
546126a1ba0bac4e5,
546126a1ba0c58b05,
546126a1c20bcf73b,../../../images/w2dizl546126a24507f7411.jpg
546126a1c20befe46,../../../images/w2dizl546126a22a0d3053a.jpg
546126a1c20d32578,../../../images/w2dizl546126a2380881f25.jpg
546126a1c80b66656,
546126a1c80b70b5a,../../images/w2dizl546126a3f90dacc17.jpg
546126a1c80b73a5e,../../images/w2dizl546126a45b0e6ce15.jpg
546126a1c80b75962,../../images/w2dizl546126a45b0e39c11.jpg
546126a1c80bb9a6f,../../../images/w2dizl546126a26a0b5c41c.jpg
546126a1c80c0d28c,../../../images/w2dizl546126a26e0a51d04.jpg
546126a1c80ce7b94,../../../images/w2dizl546126a269093ce06.jpg
546126a1c80cf5398,../../../images/w2dizl546126a2400b61327.jpg
546126a1c80d155a0,../../../images/w2dizl546126a2670827d02.jpg
546126a1c80d353a4,../../../images/w2dizl546126a2690953608.jpg
546126a1ca0ac0a15,../../../images/w2dizl546126a26a0964906.jpg
546126a1ca0ac4e19,../../../images/w2dizl546126a3d70936e01.jpg
546126a1ca0ad191d,../../../images/w2dizl546126a2400f43a4b.jpg
546126a1ca0ada221,../../../images/w2dizl546126a2440a25031.jpg
546126a1ca0b06d37,../../../images/w2dizl546126a2670b7070f.jpg
546126a1ca0b25943,
546126a1ca0b29d47,
546126a1ca0b2ed4b,
546126a1ca0b33e4f,../../../images/w2dizl546126a3f6082cc14.jpg
546126a1ca0b41957,
546126a1ca0b4655b,
546126a1ca0b4b05f,
546126a1ca0b4e963,
546126a1ca0b52a67,
546126a1ca0b56f6b,../../../images/w2dizl546126a26909b070a.jpg
546126a1ca0b5f36f,../../../images/w2dizl546126a26e09f1502.jpg
546126a1ca0b75473,../../../images/w2dizl546126a2670b82e11.jpg
546126a1ca0b87577,../../../images/w2dizl546126a2630a53b21.jpg
546126a1ca0b8c57b,../../../images/w2dizl546126a2400f07c47.jpg
546126a1dc0a50606,../../images/w2dizl546126a26f0936b18.jpg
546126a1fb0e55101,
546126a1fb0e6bc06,
546126a2020a95201,../../../images/w2dizl546126a26f07d6102.jpg
546126a2090c01f01,../../images/w2dizl546126a26f08b9015.jpg
546126a2090c1f105,
546126a2090cde813,../../../images/w2dizl546126a26e0b9310e.jpg
546126a2090dddb1c,
546126a20e08ffa01,../../images/w2dizl546126a26f08e8517.jpg
546126a20e09ee101,../../../images/w2dizl546126a30c0af351a.jpg
546126a2370b82463,../../../images/w2dizl546126a2370b84d66.jpg
546126a2370b9286a,../../../images/w2dizl546126a2370b9286c.jpg
546126a2370bc5c6f,../../../images/w2dizl546126a2370bc5c71.jpg
546126a2370c14878,../../../images/w2dizl546126a2370c27a7e.jpg
546126a2370c32901,../../../images/w2dizl546126a2370c32905.jpg
546126a238075e501,../../../images/w2dizl546126a238078cb08.jpg
546126a2620b3ed15,../../../images/w2dizl546126a2620b46d21.jpg
546126a2620b3ed1b,../../../images/w2dizl546126a2620b5f824.jpg
546126a26f0816f0c,../../images/w2dizl546126a26f0816f0f.jpg
546126a2760aef508,../../images/w2dizl546126a46a0da024c.jpg
546126a2760aef50d,../../images/w2dizl546126a46a0daa64f.jpg
546126a2af0ba3601,../../../images/w2dizl546126a2af0bab704.jpg
546126a2af0c1b808,../../../images/w2dizl546126a2af0c1b80b.jpg
546126a2b00a12001,../../../images/w2dizl546126a2b00a18305.jpg
546126a2b00a3b807,../../images/w2dizl546126a2b00a45b0a.jpg
546126a2b50c4ce02,../../images/w2dizl546126a2b50c52706.jpg
546126a2b50c52b07,../../images/w2dizl546126a2b50c52b0a.jpg
546126a2b50c5300b,../../images/w2dizl546126a2b50c5300e.jpg
546126a2b50c5430f,../../images/w2dizl546126a2b50c54312.jpg
546126a2b50c54313,../../images/w2dizl546126a2b50c54316.jpg
546126a2b50c54317,../../images/w2dizl546126a2b50c54319.jpg
546126a2b50c5481b,../../images/w2dizl546126a2b50c5481e.jpg
546126a2b50c5481f,../../images/w2dizl546126a2b50c54822.jpg
546126a2c309eb601,../../../images/w2dizl546126a2c30a52c06.jpg
546126a2c4083bd01,../../../images/w2dizl546126a2c408ecf06.jpg
546126a2c4099bf07,../../../images/w2dizl546126a2c409c880c.jpg
546126a2c409d010d,../../../images/w2dizl546126a2c409d010e.jpg
546126a2c40b41112,../../../images/w2dizl546126a2c40b41113.jpg
546126a2c40b46917,../../../images/w2dizl546126a2c40b46a18.jpg
546126a2c40b4a01c,../../../images/w2dizl546126a2c40b4a01d.jpg
546126a2c40b61426,../../../images/w2dizl546126a2c40b61427.jpg
546126a2c40bbe22b,../../../images/w2dizl546126a2c40bbe22c.jpg
546126a2c507d6801,../../../images/w2dizl546126a2c507d6802.jpg
546126a2c507dad06,../../../images/w2dizl546126a2c507dad08.jpg
546126a2c50bead16,../../images/w2dizl546126a2c50bead19.jpg
546126a2d20953902,../../../images/w2dizl546126a2d20953905.jpg
546126a2d20a7790c,../../../images/w2dizl546126a2d20a7790f.jpg
546126a2d20a9af11,../../../images/w2dizl546126a2d20a9af14.jpg
546126a2d20bf2b19,../../../images/w2dizl546126a2d20bf2b1c.jpg
546126a2ed11dae01,
546126a30c0843401,../../images/w2dizl546126a30c085be04.jpg
546126a30c08e1107,../../../images/w2dizl546126a30c08f950b.jpg
546126a30c092dc0d,../../images/w2dizl546126a30c092dc10.jpg
546126a30c0982912,../../../images/w2dizl546126a30c0982915.jpg
546126a3b10e62501,../../../images/w2dizl546126a3b10e71f04.jpg
546126a3b307b9201,../../../images/w2dizl546126a3b307c1904.jpg
546126a3b3088f807,../../../images/w2dizl546126a3b308bbc0a.jpg
546126a3b30912c0c,../../../images/w2dizl546126a3b3092260f.jpg
546126a3b30962f11,../../../images/w2dizl546126a3b30967a14.jpg
546126a3b30aad801,../../../images/w2dizl546126a3b30ab2504.jpg
546126a3b30b1e001,../../../images/w2dizl546126a3b30b22804.jpg
546126a3b30c46407,../../../images/w2dizl546126a3b30c4cc0a.jpg
546126a3b30cf5d0c,../../../images/w2dizl546126a3b30cfed0f.jpg
546126a3b30cff210,../../../images/w2dizl546126a3b30cff212.jpg
546126a3b30cff814,../../../images/w2dizl546126a3b30cff816.jpg
546126a3b30d00018,../../../images/w2dizl546126a3b30d0001a.jpg
546126a3b30d00520,../../../images/w2dizl546126a3b30d00522.jpg
546126a3b30e3e829,../../../images/w2dizl546126a3b30e42e2c.jpg
546126a3b30ebc72e,../../../images/w2dizl546126a3b30ec0e31.jpg
546126a3b40852b01,../../../images/w2dizl546126a3b40857204.jpg
546126a3b40afe801,../../../images/w2dizl546126a3b40b05404.jpg
546126a3b40b0b805,../../../images/w2dizl546126a3b40b0b808.jpg
546126a3b40b0bc09,../../../images/w2dizl546126a3b40b0bc0c.jpg
546126a3b40b0be0d,../../../images/w2dizl546126a3b40b0be10.jpg
546126a3b40b0c211,../../../images/w2dizl546126a3b40b0c214.jpg
546126a3b40b0c515,../../../images/w2dizl546126a3b40b0c518.jpg
546126a3b40e65d01,../../../images/w2dizl546126a3b40e65d04.jpg
546126a3d00774b03,../../../images/w2dizl546126a3d00784208.jpg
546126a3d00798c09,../../../images/w2dizl546126a3d00798c0d.jpg
546126a3d007e6401,../../../images/w2dizl546126a3d007f3904.jpg
546126a3d00843e06,../../../images/w2dizl546126a3d0084a609.jpg
546126a3d00969d0b,../../../images/w2dizl546126a3d00976b0e.jpg
546126a3d00a3dd10,../../../images/w2dizl546126a3d00a44c13.jpg
546126a3d00b54e01,../../../images/w2dizl546126a3d00b59d04.jpg
546126a3d00c42806,../../../images/w2dizl546126a3d00c42809.jpg
546126a3d307d9b01,../../../images/w2dizl546126a3d307f5706.jpg
546126a3d30830408,../../../images/w2dizl546126a3d3083040b.jpg
546126a3d3089d20d,../../../images/w2dizl546126a3d3089d210.jpg
546126a3d308a8012,../../../images/w2dizl546126a3d308a8013.jpg
546126a3d308b3117,../../../images/w2dizl546126a3d308b3118.jpg
546126a3d50c39301,../../../images/w2dizl546126a3d50c3e004.jpg
546126a3d50e89101,../../../images/w2dizl546126a3d50e96904.jpg
546126a3d50eadb06,../../../images/w2dizl546126a3d50eadc09.jpg
546126a3d50edc80a,../../../images/w2dizl546126a3d50eebe0d.jpg
546126a3d60881401,../../../images/w2dizl546126a3d6088d304.jpg
546126a3d60921c07,../../../images/w2dizl546126a3d60922e0a.jpg
546126a3d6092b50b,../../../images/w2dizl546126a3d6092b50e.jpg
546126a3d6092ba0f,../../../images/w2dizl546126a3d6092ba12.jpg
546126a3d6092bc13,../../../images/w2dizl546126a3d6092bc16.jpg
546126a3d60a38e1a,../../../images/w2dizl546126a3d60a4651e.jpg
546126a3d60b75d1f,../../../images/w2dizl546126a3d60c3a024.jpg
546126a3d60c70325,../../../images/w2dizl546126a3d60d80302.jpg
546126a3d60d92b03,../../../images/w2dizl546126a3d60d98906.jpg
546126a3d60ee5e01,../../images/w2dizl546126a3d60eebb05.jpg
546126a3d708c3a29,../../../images/w2dizl546126a3d708caf2c.jpg
546126a3d70a15301,../../../images/w2dizl546126a3d70a19c04.jpg
546126a3d70a39305,../../images/w2dizl546126a3d70a3fd08.jpg
546126a3d70cf9803,../../../images/w2dizl546126a3d70d58707.jpg
546126a3d70e2d60c,../../../images/w2dizl546126a3d70e33a0f.jpg
546126a3dc0ca9501,../../../images/w2dizl546126a3dc0cb9b05.jpg
546126a3e10e3bb05,../../../images/w2dizl546126a3e10e3bb08.jpg
546126a3e20c55613,../../../images/w2dizl546126a3e20c5db16.jpg
546126a3e20dc9518,../../../images/w2dizl546126a3e20dc951b.jpg
546126a3e20dcd41c,../../../images/w2dizl546126a3e20dcd41f.jpg
546126a3e80eab419,../../images/w2dizl546126a3e80ecaa1e.jpg
546126a3ea0e3cb02,
546126a3eb0a46818,../../../images/w2dizl546126a3eb0a4fd1b.jpg
546126a3ef0d5c207,../../../images/w2dizl546126a3ef0d70a0a.jpg
546126a3ef0dbc60b,../../../images/w2dizl546126a3ef0df5910.jpg
546126a3f00eb5a01,../../images/w2dizl546126a3f00ec4a04.jpg
546126a3f20c5e507,../../../images/w2dizl546126a3f20c61a0a.jpg
546126a3f30b49502,../../../images/w2dizl546126a3f30b57f05.jpg
546126a3f30b5d406,../../../images/w2dizl546126a3f30b5d409.jpg
546126a3f60a83d02,../../../images/w2dizl546126a3f60a89005.jpg
546126a3f60b33606,../../../images/w2dizl546126a3f60b37f09.jpg
546126a3f60c7e70c,../../../images/w2dizl546126a3f60c8230f.jpg
546126a3f70eabc0f,../../../images/w2dizl546126a3f70eb2b12.jpg
546126a3f70ec8614,../../../images/w2dizl546126a3f70ed6819.jpg
546126a3f80ded902,../../../images/w2dizl546126a3f80df9105.jpg
546126a3f80ed3c02,../../../images/w2dizl546126a3f80ed7605.jpg
546126a3f90a0a301,../../../images/w2dizl546126a3f90a10304.jpg
546126a3f90a5ff0b,../../../images/w2dizl546126a3f90a6610e.jpg
546126a3f90b6060f,../../../images/w2dizl546126a3f90b6e413.jpg
546126a3fa08ec402,../../../images/w2dizl546126a3fa08f0605.jpg
546126a3fa0911206,../../../images/w2dizl546126a3fa091a10a.jpg
546126a3fa095a20b,../../../images/w2dizl546126a3fa095a20e.jpg
546126a3fa095a50f,../../../images/w2dizl546126a3fa095a512.jpg
546126a3fa095a813,../../../images/w2dizl546126a3fa095a816.jpg
546126a3fa095ab17,../../../images/w2dizl546126a3fa095ab1a.jpg
546126a3fa09e0d1f,../../../images/w2dizl546126a3fa09e5024.jpg
546126a3fa09f6b25,../../../images/w2dizl546126a3fa09fc129.jpg
546126a3fa0a0d82b,../../../images/w2dizl546126a3fa0a1232e.jpg
546126a3fa0a2ad30,../../../images/w2dizl546126a3fa0a30b34.jpg
546126a3fd0bd1107,../../images/w2dizl546126a3fd0bdab0b.jpg
546126a3fd0be500c,../../../images/w2dizl546126a3fd0be500f.jpg
546126a3fd0c2d812,../../images/w2dizl546126a3fd0c33715.jpg
546126a3fd0c5d917,../../../images/w2dizl546126a3fd0c7541f.jpg
546126a3fd0ccea29,../../images/w2dizl546126a3fd0ec5601.jpg
546126a3fe0bd7503,../../../images/w2dizl546126a3fe0be1a06.jpg
546126a3fe0c00407,../../../images/w2dizl546126a3fe0c1380b.jpg
546126a3fe0c7d50c,../../../images/w2dizl546126a3fe0c8cf0f.jpg
546126a3fe0ccf211,../../../images/w2dizl546126a3fe0cf0217.jpg
546126a3fe0d57419,../../../images/w2dizl546126a3fe0d5c31e.jpg
546126a3ff0ecaa02,../../../images/w2dizl546126a3ff0ece905.jpg
546126a4040b8041a,../../../images/w2dizl546126a4040b8461d.jpg
546126a4040c4dd1f,../../../images/w2dizl546126a4040c54022.jpg
546126a4040c6e624,../../../images/w2dizl546126a4040c76c27.jpg
546126a4040c86c28,../../../images/w2dizl546126a4040c86c2b.jpg
546126a4040ccee2d,../../../images/w2dizl546126a4040cdc731.jpg
546126a4040d12132,../../../images/w2dizl546126a4040d18636.jpg
546126a4040d63b02,../../../images/w2dizl546126a4040d69705.jpg
546126a4040d7c607,../../../images/w2dizl546126a4040d8280a.jpg
546126a4040ecef0b,../../../images/w2dizl546126a4040ed520f.jpg
546126a4050d0890b,../../../images/w2dizl546126a4050d0f10f.jpg
546126a4050d9e802,../../../images/w2dizl546126a4050dde005.jpg
546126a4060cb3701,../../../images/w2dizl546126a4060ec8215.jpg
546126a4070b8b702,../../../images/w2dizl546126a4070ba3805.jpg
546126a4070c17206,../../../images/w2dizl546126a4070c2670b.jpg
546126a40b082f602,../../../images/w2dizl546126a40b0837205.jpg
546126a40b087bd07,../../../images/w2dizl546126a40b088960a.jpg
546126a40b089b30b,../../../images/w2dizl546126a40b08b0b0f.jpg
546126a40b08c5a11,../../../images/w2dizl546126a40b08c9514.jpg
546126a40b08f7315,../../../images/w2dizl546126a40b08f7418.jpg
546126a40b090e81c,../../../images/w2dizl546126a40b090e81f.jpg
546126a40b0927921,../../../images/w2dizl546126a40b0927924.jpg
546126a40b0946b26,../../../images/w2dizl546126a40b0946b29.jpg
546126a40b0958b2b,../../../images/w2dizl546126a40b0958b2e.jpg
546126a40b0962730,../../../images/w2dizl546126a40b0962733.jpg
546126a40b096e635,../../../images/w2dizl546126a40b096e638.jpg
546126a4120796e02,../../../images/w2dizl546126a412079aa05.jpg
546126a41207b8b07,../../../images/w2dizl546126a41207bd20a.jpg
546126a412081c40c,../../../images/w2dizl546126a4120824a0f.jpg
546126a4120882c11,../../../images/w2dizl546126a4120887d14.jpg
546126a412098ca16,../../../images/w2dizl546126a4120991a19.jpg
546126a41209a271b,../../../images/w2dizl546126a41209a671e.jpg
546126a4120a44025,../../../images/w2dizl546126a4120a4ea28.jpg
546126a41307b2b02,../../../images/w2dizl546126a41307b5b05.jpg
546126a41307be406,../../../images/w2dizl546126a41307be508.jpg
546126a41307c4a0b,../../../images/w2dizl546126a41307c4a0d.jpg
546126a41307ca710,../../../images/w2dizl546126a41307ca712.jpg
546126a41307cf615,../../../images/w2dizl546126a41307cf617.jpg
546126a41307d921a,../../../images/w2dizl546126a41307d921c.jpg
546126a41307e611f,../../../images/w2dizl546126a41307e6121.jpg
546126a413094da25,../../../images/w2dizl546126a4130965a2a.jpg
546126a413098c235,../../images/w2dizl546126a413098c238.jpg
546126a4130a6723f,../../../images/w2dizl546126a4130a67242.jpg
546126a4130a89b44,../../../images/w2dizl546126a4130a89b47.jpg
546126a4130e5564a,../../images/w2dizl546126a4130e58e4d.jpg
546126a43909f6002,../../../images/w2dizl546126a43909fae05.jpg
546126a4690eb3801,../../../images/w2dizl546126a4690eb9004.jpg
546126a46a0889005,../../images/w2dizl546126a46a0d94d49.jpg
546126a46a088cd01,../../images/w2dizl546126a46a0dabf52.jpg
546126a4940a8721d,../../images/w2dizl546126a4940b43a22.jpg
546126a4940b65d23,../../images/w2dizl546126a4940b65d26.jpg
546126a4ac0a10701,../../../images/w2dizl546126a4ac0b49605.jpg
546126a4b30778d01,../../../images/w2dizl546126a4b3078b404.jpg
546126a4b3079bc06,../../../images/w2dizl546126a4b3079bc09.jpg
546126a4b60e4a101,../../../images/w2dizl546126a4b60e4a204.jpg
546126a4b70a06208,../../../images/w2dizl546126a4b70a2900c.jpg
546126a4b70a31b0d,../../../images/w2dizl546126a4b70a31b10.jpg
546126a4b70a51712,../../../images/w2dizl546126a4b70a51715.jpg
546126a4b70a57817,../../../images/w2dizl546126a4b70a5781a.jpg
546126a4b70b4951c,../../../images/w2dizl546126a4b70b4951f.jpg
546126a4b70b63521,../../../images/w2dizl546126a4b70b63522.jpg
546126a4b70b67826,../../../images/w2dizl546126a4b70b67927.jpg
546126a4b70b7732b,../../../images/w2dizl546126a4b70b7732d.jpg
546126a4b70b7ef30,../../../images/w2dizl546126a4b70b7ef32.jpg
546126a4b70b88535,../../../images/w2dizl546126a4b70b88538.jpg
546126a4b70b8e83a,../../../images/w2dizl546126a4b70b8e83d.jpg
546126a4b70bb093f,../../../images/w2dizl546126a4b70bb0942.jpg
546126a4b70c16d44,../../../images/w2dizl546126a4b70c4e449.jpg
546126a4b70c5754a,../../../images/w2dizl546126a4b70c5754d.jpg
546126a4b70c6684f,../../../images/w2dizl546126a4b70c66852.jpg
546126a4b70c6ca54,../../../images/w2dizl546126a4b70c6ca57.jpg
546126a4b70c70859,../../../images/w2dizl546126a4b70c7085c.jpg
546126a4b70cb895e,../../../images/w2dizl546126a4b70cb8961.jpg
546126a4b70cda165,../../../images/w2dizl546126a4b70cda168.jpg
546126a4b70ce0c6a,../../../images/w2dizl546126a4b70ce0d6d.jpg
546126a4b70cef86f,../../../images/w2dizl546126a4b70cef872.jpg
546126a4b70cf6d74,../../../images/w2dizl546126a4b70cf6d77.jpg
546126a4ba09eec52,../../../images/w2dizl546126a4ba0a0f455.jpg
546126a4ba0a1d156,../../../images/w2dizl546126a4ba0a1d159.jpg
546126a4bb0dd9119,../../images/w2dizl546126a4bb0dd911c.jpg
546126a4bb0de521e,../../images/w2dizl546126a4bb0de521f.jpg
546126a4f5081d701,../../../images/w2dizl546126a4f5081d704.jpg
546126a4f50837607,../../../images/w2dizl546126a4f5083760a.jpg
546126a4f50844a0d,../../../images/w2dizl546126a4f50844a10.jpg
546126a4f50e69e6a,../../images/w2dizl546126a4f50e8686d.jpg
546126a4f50e9286f,../../images/w2dizl546126a4f50e92972.jpg
546126a4f50e96a74,../../images/w2dizl546126a4f50e96a77.jpg
546126a55b0962d08,../../../images/w2dizl546126a55b0985d0b.jpg
546126a56a087ed05,../../../images/w2dizl546126a56a0888208.jpg
546126a5710974001,../../images/w2dizl546126a5710974002.jpg
546126a5710b42c06,../../images/w2dizl546126a5710b42c09.jpg
546126a5710bdbd0b,../../images/w2dizl546126a5710bdbe0e.jpg
546126a5710ec510f,../../images/w2dizl546126a5710ec5112.jpg
546126a5720ee1a01,../../images/w2dizl546126a5720ee1a04.jpg
546126a5730882d01,../../images/w2dizl546126a5730882d04.jpg
546126a57308cb207,../../images/w2dizl546126a57308cb20a.jpg
546126a57308ec60c,../../images/w2dizl546126a57308ec60f.jpg
546126a5730914711,../../images/w2dizl546126a5730914714.jpg
546126a573092e816,../../images/w2dizl546126a573092e819.jpg
546126a573099bd1c,../../images/w2dizl546126a573099bd1f.jpg
546126a57309e2b21,../../images/w2dizl546126a57309e2b24.jpg
546126a57309fea26,../../images/w2dizl546126a57309fea29.jpg
546126a5730a1422b,../../images/w2dizl546126a5730a1422e.jpg
546126a5730bd910e,../../images/w2dizl546126a5730bd9111.jpg
546126a5880d5e855,../../images/w2dizl546126a58c0795e05.jpg
546126a58c078df01,../../images/w2dizl546126a58c079d506.jpg
546126a58c079f807,../../images/w2dizl546126a58c079f80a.jpg
546126a58c07a580c,../../images/w2dizl546126a58c07a580f.jpg
